title,author,isbn,oclcNumber,publisher,publishedDate,description,costPrice,sellPrice,memberPrice,currency,stockQuantity,reorderLevel,stockStatus,categoryName,subjectNames,coverImageUrl,isDigital,downloadUrl,fileSize
Remember Kronstadt: One Hundred Years On,,9781914567032,,Active Distribution,,,,1.50,,GBP,1,,IN_STOCK,Anarchism,,,false,,
Tear Down the Bastille. Voices From Inside the Walls. Hunger Strike as a Means of Struggle.,,,,Revolt Press,,,,5.00,,GBP,4,,IN_STOCK,Anarchism,,,false,,
Islam and Anarchism. Relationships and Resonances.,Mohamed Abdou,9780745341927,,Pluto Press,,,,19.99,,GBP,1,,IN_STOCK,Anarchism,,,false,,
"We Are Anarchists. Essays on Anarchism, Pacifism, and the Indian Independence Movement, 1923-1953.",M. P. T. Acharya,9781849353427,,AK Press,,,,14.00,,GBP,1,,IN_STOCK,Anarchism,,,false,,
Their Wars -- Our Dead. Anarchist Reflections on Anti-militarism.,Alex Alder & Bill Beech (eds),9781914567742,,Active Distribution,,,,5.00,,GBP,9,,IN_STOCK,Anarchism,,,false,,
Hungary '56.,Andy Anderson,0948984147,,Phoenix Press,,,,3.95,,GBP,1,,IN_STOCK,Anarchism,,,false,,
The Enemy is Middle Class.,Andy Anderson & Mark Anderson,0953255204,,Openly Classist,,,,4.00,,GBP,2,,IN_STOCK,Anarchism,,,false,,
History of the Makhnovist Movement 1918-1921,Peter Arshinov,9780900384400,,Freedom Press,,,,9.90,,GBP,1,,IN_STOCK,Anarchism,,,false,,
An American Anarchist. The Life of Voltarine de Cleyre,Paul Avrich,9781849352680,,AK Press,,,,14.95,,GBP,1,,IN_STOCK,Anarchism,,,false,,
Order Without Power. An Introduction to Anarchism: History & Current Challenges.,Normand Baillargeon,9781609804718,,Seven Stories Press,,,,11.99,,GBP,1,,IN_STOCK,Anarchism,,,false,,
Bakunin & Nechaev,Paul Avrich,0900384093,,Freedom Press,,,,0.75,,GBP,5,,IN_STOCK,Anarchism,,,false,,
Means and Ends: The Revolutionary Practice of Anarchism in Europe and the United States.,Zoe Baker,9781849354981,,AK Press,,,,21.00,,GBP,2,,IN_STOCK,Anarchism,,,false,,
A Critique of State Socialism,Michael Bakunin & Richard Warren,9781873976456,,Read & Noir,,,,12.00,,GBP,1,,IN_STOCK,Anarchism,,,false,,
God and the State,Mikhail Aleksandrovich Bakunin,9781548059651,,Anondos Books,,,,3.00,,GBP,1,,IN_STOCK,Anarchism,,,false,,
God and the State,Mikhail Bakunin,9781909798236,,Active Distribution,,,,3.00,,GBP,2,,IN_STOCK,Anarchism,,,false,,
Bakunin: Selected texts 1868-1875,Mikhail Bakunin. A W Zurbrugg (ed and trans),9780850367225,,Anarres Editions,,,,18.99,,GBP,1,,IN_STOCK,Anarchism,,,false,,
Our Masters Are Helpless. The Essays of George Barrett,George Barrett. Iain McKay (ed),9781904491323,,Freedom Press,,,,7.50,,GBP,3,,IN_STOCK,Anarchism,,,false,,
Rebellion in Patagonia,Osvaldo Bayer. Paul Sharkey & Joshua Neuhouser (trans),9781849352215,,AK Press,,,,17.00,,GBP,1,,IN_STOCK,Anarchism,,,false,,
Prison Memoirs of an Anarchist,Alexander Berkman,9781849352529,,AK Press,,,,19.50,,GBP,1,,IN_STOCK,Anarchism,,,false,,
What is Anarchism?,Alexander Berkman,9781902593708,,AK Press,,,,12.50,,GBP,1,,IN_STOCK,Anarchism,,,false,,
ABC of Anarchism,Alexander Berkman,9780900384035,,Freedom Press,,,,6.00,,GBP,1,,IN_STOCK,Anarchism,,,false,,
Now and After. The ABC of Communist Anarchism,Alexander Berkman,9781849355926,,AK Press,,,,15.00,,GBP,1,,IN_STOCK,Anarchism,,,false,,
The State -- Or Revolution. Selected Works by Camillo Berneri,Camillo Berneri. Iain McKay (ed),9781904491415,,Freedom Press,,,,10.00,,GBP,1,,IN_STOCK,Anarchism,,,false,,
A History of the French Anarchist Movement 1917-1945,David Berry,9781904859826,,AK Press,,,,15.00,,GBP,1,,IN_STOCK,Anarchism,,,false,,
The July Revolution: Barcelona 1909,Leopoldo Bonafulla,9781849354103,,AK Press,,,,14.00,,GBP,1,,IN_STOCK,Anarchism,,,false,,
The Anarchist Turn,"Jacob Blumenfeld, Chiara Bottici & Simon Critchley (eds)",9780745333427,,Pluto Press,,,,27.99,,GBP,1,,IN_STOCK,Anarchism,,,false,,
The Spanish Anarchists: the Heroic Years 1868-1936,Murray Bookchin,9781873176047,,AK Press,,,,13.95,,GBP,1,,IN_STOCK,Anarchism,,,false,,
To Remember Spain: The Anarchist and Syndicalist Revolution of 1936,Murray Bookchim,9781873176870,,AK Press,,,,5.95,,GBP,2,,IN_STOCK,Anarchism,,,false,,
Practical Anarchism: A Guide for Daily Life,Shuli Branson,9780745344928,,Pluto Press,,,,14.99,,GBP,1,,IN_STOCK,Anarchism,,,false,,
For Workers' Power. The Selected Writings of Maurice Brinton,Maurice Brinton,9781849353830,,AK Press,,,,18.00,,GBP,1,,IN_STOCK,Anarchism,,,false,,
Tom Brown's Syndicalism,Tom Brown,0948984163,,Phoenix Press,,,,3.95,,GBP,10,,IN_STOCK,Anarchism,,,false,,
Revolution,Carlo Cafiero,9781926878119,,Black Cat Press,,,,7.00,,GBP,1,,IN_STOCK,Anarchism,,,false,,
Anarchism in Latin America,Ángel J. Cappelletti. Gabriel Palmer-Fernández (trans),9781849352826,,AK Press,,,,17.00,,GBP,1,,IN_STOCK,Anarchism,,,false,,
"We, The Anarchists! A Study of the Iberian Anarchist Federation (FAI) 1927-1937",Stuart Christie,9781904859758,,AK Press,,,,9.95,,GBP,1,,IN_STOCK,Anarchism,,,false,,
Pacifism as Pathology. Reflections on the Role of Armed Struggle in North America.,Ward Churchill with Mike Ryan,9781904859185,,AK Press,,,,8.00,,GBP,2,,IN_STOCK,Anarchism,,,false,,
Gramsci is Dead. Anarchist Currents in the Newest Social Movements,Richard J. F. Day,9780745321127,,Between the Lines & Pluto Press,,,,27.99,,GBP,1,,IN_STOCK,Anarchism,,,false,,
"Anarchism and the City. Revolution and Counter-Revolution in Barcelona, 1898-1937.",Chris Ealham,9781849350129,,AK Press,,,,17.00,,GBP,1,,IN_STOCK,Anarchism,,,false,,
Living Anarchism. José Pierats and the Spanish Anarcho-Syndicalist Movement.,Chris Ealham,9781849352383,,AK Press,,,,15.00,,GBP,2,,IN_STOCK,Anarchism,,,false,,
The First Socialist Schism. Bakunin vs. Marx in the International Working Men's Association.,"Wolfgang Eckhardt. Robert M. Homsi, Jesse Cohn, Cian Lawless, Nestor McNabb & Bas Moreel (trans)",9781629630427,,PM Press & Thought Crime Ink,,,,28.00,,GBP,1,,IN_STOCK,Anarchism,,,false,,
Disaster Anarchy. Mutual Aid and Radical Action,Rhiannon Firth,9780745340463,,Pluto Press,,,,22.99,,GBP,1,,IN_STOCK,Anarchism,,,false,,
Anarchy Works. Examples of Anarchist Ideas in Practice,Peter Genderloos,9781909798052,,Active Distribution,,,,6.00,,GBP,1,,IN_STOCK,Anarchism,,,false,,
They Will Beat the Memory Out Of Us. Forcing Non-Violence on Forgetful Movements.,Peter Genderloos,9780745349770,,Pluto Press,,,,14.99,,GBP,1,,IN_STOCK,Anarchism,,,false,,
Sons of Night. Antoine Gimenez's Memories of the War in Spain,Antoine Gimenez. The Giménologues (eds) & Paul Sharkey (trans),9781849353083,,AK Press & KSL,,,,23.00,,GBP,1,,IN_STOCK,Anarchism,,,false,,
Anarchy Alive! Anti-Authoritarian Politics from Practice to Theory,Uri Gordon,9780745326832,,Pluto Press,,,,24.99,,GBP,1,,IN_STOCK,Anarchism,,,false,,
Living My Life. Volume 1.,Emma Goldman,9781909798175,,Active Distribution,,,,6.00,,GBP,1,,IN_STOCK,Anarchism,,,false,,
Living My Life. Volume 2,Emma Goldman,9781909798182,,Active Distribution,,,,6.00,,GBP,3,,IN_STOCK,Anarchism,,,false,,
Living My Life. Volume 3,Emma Goldman,9781909798199,,Active Distribution,,,,6.00,,GBP,3,,IN_STOCK,Anarchism,,,false,,
Anarchism and Other Essays,Emma Goldman,9781909798373,,Active Distribution,,,,5.00,,GBP,5,,IN_STOCK,Anarchism,,,false,,
Anarchism and Other Essays,Emma Goldman,9781849355681,,AK Press,,,,14.00,,GBP,1,,IN_STOCK,Anarchism,,,false,,
Conviviality & Political Resistance From Below. Ivan Illich's Legacy in Mexico,Elías González Gómez,9783911720069,,Active Distribution/Rupture Press,,,,8.00,,GBP,2,,IN_STOCK,Anarchism,,,false,,
William Godwin a Political Life,Richard Gough Thomas,9780745338354,,Pluto Press,,,,16.99,,GBP,1,,IN_STOCK,Anarchism,,,false,,
We Do Not Fear Anarchy. We Invoke It. The First International and the Origins of the Anarchist Movement,Robert Graham,9781849352116,,AK Press,,,,17.00,,GBP,1,,IN_STOCK,Anarchism,,,false,,
Anarchism: From Theory to Practice,Daniel Guerin,9780853451754,,Monthly Review,,,,9.99,,GBP,2,,IN_STOCK,Anarchism,,,false,,
The Friends of Durruti Group: 1937-1939,Agustin Guillamón,9781873176542,,AK Press,,,,8.95,,GBP,1,,IN_STOCK,Anarchism,,,false,,
Insurrection: The Bloody Events of May 1937,Agustin Guillamón,9781849353601,,AK Press & KSL,,,,20.00,,GBP,1,,IN_STOCK,Anarchism,,,false,,
Anarchy A Graphic Guide,Clifford Harper,,,Anne Bonny Books,,,,6.00,,GBP,5,,IN_STOCK,Anarchism,,,false,,
ABC's of Anarchy,Brian Heagney,9781909798588,,Active Distribution,,,,6.00,,GBP,5,,IN_STOCK,Anarchism,,,false,,
"The Idea. Anarchist Communism: Past, Present and Future.",Nick Heath,9781739723712,,Just Books Publishing,,,,15.00,,GBP,10,,IN_STOCK,Anarchism,,,false,,
As If Already Free. Anthropology and Activism After David Graeber.,Holly High & Joshua O. Reno (eds),9780745348452,,Pluto Press,,,,22.99,,GBP,1,,IN_STOCK,Anarchism,,,false,,
Change the World Without Taking Power,John Holloway,9780745339320,,Pluto Press,,,,24.99,,GBP,1,,IN_STOCK,Anarchism,,,false,,
Change the World Without Taking Power,John Holloway,9780745329185,,Pluto Press,,,,17.99,,GBP,1,,IN_STOCK,Anarchism,,,false,,
The Anarchist Quiz Book,Martin Howard,9781904491071,,Freedom Press,,,,5.00,,GBP,1,,IN_STOCK,Anarchism,,,false,,
Society Despite the State. Reimagining Geographies of Order.,Anthony Ince & Gerónimo Barrera de la Torre,9780745341248,,Pluto Press,,,,24.99,,GBP,1,,IN_STOCK,Anarchism,,,false,,
"Mutual Aid, Everyday Anarchy. Essays on Colin Ward",Andrew Kelly (ed),9781915434227,,Five Leaves Publications,,,,10.00,,GBP,1,,IN_STOCK,Anarchism,,,false,,
Anarchist Popular Power: Dissident Labor and Armed Struggle in Uruguay 1956-76,Troy Andreas Ariaza Kokinis,9781849355001,,AK Press,,,,21.00,,GBP,1,,IN_STOCK,Anarchism,,,false,,
Ex Archeia Free Zone Calling. From 1850 to Nowadays,Nikos Koufopoulos & Nikolas Agathos,9789609797665,,The Colleagues' Publications,,,,7.50,,GBP,1,,IN_STOCK,Anarchism,,,false,,
Anarchism and the State.,Peter Kropotkin,9781904491262,,Freedom Press,,,,6.00,,GBP,2,,IN_STOCK,Anarchism,,,false,,
The Conquest of Bread Part 1 & 2,Peter Kropotkin,9781914567520,,Active Distribution,,,,3.00,,GBP,1,,IN_STOCK,Anarchism,,,false,,
The Conquest of Bread,Peter Kropotkin,9781849355742,,AK Press,,,,15.00,,GBP,1,,IN_STOCK,Anarchism,,,false,,
Mutual Aid a Factor in Evolution,Peter Kropotkin,9781904491101,,Freedom Press,,,,15.00,,GBP,1,,IN_STOCK,Anarchism,,,false,,
Peter Kropotkin. Modern Science and Anarchy.,Peter Kropotkin. Iain McKay (ed),9781849352741,,AK Press,,,,19.95,,GBP,1,,IN_STOCK,Anarchism,,,false,,
The Great French Revolution 1789-1793,Peter Kropotkin,9781629638768,,PM Press,,,,24.99,,GBP,1,,IN_STOCK,Anarchism,,,false,,
Collectives in the Spanish Revolution,Gaston Leval,9781629634470,,"PM Press, Freedom Books, Jura Books",,,,23.99,,GBP,1,,IN_STOCK,Anarchism,,,false,,
Changing the world from above: the limits of progressivism,Decio Machado & Raul Zibechi,9783911720038,,Active Distribution/Rupture Press,,,,7.00,,GBP,5,,IN_STOCK,Anarchism,,,false,,
At the Café. Conversations on Anarchism,Errico Malatesta,9781904491064,,Freedom Press,,,,7.50,,GBP,2,,IN_STOCK,Anarchism,,,false,,
The Method of Freedom. An Errico Malatesta Reader,Errico Malatesta. Davide Turcato (ed). Paul Sharkey (trans),9781849351447,,AK Press,,,,18.00,,GBP,1,,IN_STOCK,Anarchism,,,false,,
The Complete Works of Malatesta Vol III. A Long and Patient Work. The Anarchist Socialism of L'Agitazione 1897-1898,Errico Malatesta. Davide Turcato (ed). Paul Sharkey (trans),9781849352581,,AK Press,,,,19.00,,GBP,1,,IN_STOCK,Anarchism,,,false,,
The Complete Works of Malatesta Vol IV. Towards Anarchy. Malatesta in America 1899-1900,Errico Malatesta. Davide Turcato (ed). Paul Sharkey (trans),,,AK Press,,,,,,,,,,Anarchism,,,false,,
A Grand Cause. The Hunger Strike and the Deportation of Anarchists From Soviet Russia,Gregori Petrovich Maximoff,9781873605745,,KSL,,,,4.00,,GBP,1,,IN_STOCK,Anarchism,,,false,,
Constructive Anarchism,Gregori Petrovich Maximoff,9781739723705,,Just Books Publishing,,,,7.50,,GBP,10,,IN_STOCK,Anarchism,,,false,,
The Anarchists in London 1935-55,Albert Meltzer,9781904491293,,Freedom Press,,,,7.00,,GBP,3,,IN_STOCK,Anarchism,,,false,,
Anarchism: Arguments for and Against.,Albert Meltzer,9781914567223,,Active Distribution,,,,2.00,,GBP,1,,IN_STOCK,Anarchism,,,false,,
I Couldn't Paint Golden Angels,Albert Meltzer,9781873176931,,AK Press,,,,12.95,,GBP,2,,IN_STOCK,Anarchism,,,false,,
The International Revolutionary Solidarity Movement: 1^st^ of May Group,Albert Meltzer (ed),9781909798458,,Active Distribution/Elephant Editions,,,,3.00,,GBP,1,,IN_STOCK,Anarchism,,,false,,
Taking Sides. Revolutionary Solidarity and the Poverty of Liberalism,Cindy Milstein (ed),9781849352321,,AK Press,,,,,,,,,,Anarchism,,,false,,
Anarchism and it's Aspirations,Cindy Milstein,9781849350013,,AK Press & Institute for Anarchist Studies,,,,9.00,,GBP,1,,IN_STOCK,Anarchism,,,false,,
Storm in my Heart. Memories from the Widow of Johann Most,Helene Minkin. Tom Goyens (ed) & Alisa Braun (trans),9781849351973,,AK Press,,,,12.50,,GBP,1,,IN_STOCK,Anarchism,,,false,,
Anarchism and Workers' Self-Management in Revolutionary Spain.,Frank Mintz. Paul Sharkey (trans),9781849350785,,AK Press,,,,13.00,,GBP,1,,IN_STOCK,Anarchism,,,false,,
A Defence of Anarchist Communism,Brian Morris,9781904491392,,Freedom Press,,,,5.00,,GBP,1,,IN_STOCK,Anarchism,,,false,,
We Are All Anarchists. Anarchist Writings of Lucy E. Parsons.,Lucy E. Parsons,,,Sto citaz,,,,10.00,,GBP,1,,IN_STOCK,Anarchism,,,false,,
Anything Can Happen,Freddy Perlman,0948984228,,Pheonix Press,,,,4.50,,GBP,1,,IN_STOCK,Anarchism,,,false,,
The Machine and it's Discontents. A Freddy Perlman Anthology,Freddy Perlman. Darren Poynton (ed),9780995660977,,Active Distribution & Theory and Practice,,,,7.00,,GBP,2,,IN_STOCK,Anarchism,,,false,,
The Slow Burning Fuse. Secret History of the British Anarchists,John Quail,9781904491279,,Freedom Press,,,,13.00,,GBP,1,,IN_STOCK,Anarchism,,,false,,
A Beautiful Idea. History of the Freedom Press Anarchists,Rob Ray,9781904491309,,Freedom Press,,,,9.50,,GBP,1,,IN_STOCK,Anarchism,,,false,,
Anarchism and Anarcho-Syndicalism,Rudolph Rocker,9781904491224,,Freedom Press & SolFed,,,,4.00,,GBP,4,,IN_STOCK,Anarchism,,,false,,
Anarcho-Syndicalism,Rudolph Rocker,9780745313870,,Pluto Press,,,,24.99,,GBP,2,,IN_STOCK,Anarchism,,,false,,
Haymarket Scrapbook Anniversary Edition,Franklin Rosemount & David Roediger. Charles H,9781849350808,,Kerr Publishing Company & AK Press,,,,18.95,,GBP,2,,IN_STOCK,Anarchism,,,false,,
A Towering Flame. The Life and Times of the Elusive Latvian Anarchist Peter the Painter.,Philip Ruff,9780992946654,,Breviary Stuff,,,,17.00,,GBP,1,,IN_STOCK,Anarchism,,,false,,
Anarchy in the USSR. A New Beginning,Philip Ruff (ed),1872258069,,ASP,,,,3.00,,GBP,1,,IN_STOCK,Anarchism,,,false,,
The Albert Memorial. The Anarchist Life and times of Albert Meltzer (7 January 1920 -- 7 May 1996).,,9781849352802,,KSL & AK Press,,,,8.00,,GBP,1,,IN_STOCK,Anarchism,,,false,,
Paradoxes of Utopia. Anarchist Culture and Politics in Buenos Aires 1890-1910.,Juan Suriano. Chuck Morse (trans),9781849350068,,AK Press,,,,14.00,,GBP,1,,IN_STOCK,Anarchism,,,false,,
Luigi Galleani: the Most Dangerous Anarchist in America,Antonio Senta. Andrea Asali & Sean Sayers (trans),9781849353489,,AK Press,,,,14.00,,GBP,1,,IN_STOCK,Anarchism,,,false,,
American Anarchism,Steve J. Shone,9781608464173,,Haymarket Books,,,,24.99,,GBP,2,,IN_STOCK,Anarchism,,,false,,
Fighting For Ourselves. Anarcho-Syndicalism and the Class Struggle,,9781904491200,,Solidarity Federation,,,,5.00,,GBP,1,,IN_STOCK,Anarchism,,,false,,
May Days Barcelona 1937,Augustin Souchy et. al,0900384395,,Freedom Press,,,,5.95,,GBP,1,,IN_STOCK,Anarchism,,,false,,
Rethinking Anarchy,Carlos Taibo. The Autonomies Collective (trans),9781849353328,,AK Press,,,,10.95,,GBP,1,,IN_STOCK,Anarchism,,,false,,
"Making Sense of Anarchism. Errico Malatesta's Experiments With Revolution, 1889-1900",Davide Turcato,9781849352314,,AK Press,,,,14.00,,GBP,2,,IN_STOCK,Anarchism,,,false,,
To Rob a Bank is an Honor. Lucio Urtubia,Paul Sharkey (trans),9781849355780,,AK Press,,,,18.00,,GBP,4,,IN_STOCK,Anarchism,,,false,,
The Seizure of State Power,Michael Velli,0948984236,,Phoenix Press,,,,4.50,,GBP,2,,IN_STOCK,Anarchism,,,false,,
The Unknown Revolution,Voline,9780919618251,,Black Rose Books,,,,19.99,,GBP,1,,IN_STOCK,Anarchism,,,false,,
Bookchin: a Critical Appraisal,Damian F. White,9780745319643,,Pluto Press,,,,27.99,,GBP,1,,IN_STOCK,Anarchism,,,false,,
Charlotte Wilson: Anarchist Essays.,Charlotte Wilson. Nicholas Walter (ed),9780900384998,,Freedom Press,,,,5.95,,GBP,2,,IN_STOCK,Anarchism,,,false,,
The Stalinist Legacy. It's Impact on Twentieth-Century World Politics,Traiq Ali (ed),9781608462193,,Haymarket Books,,,,21.99,,GBP,1,,IN_STOCK,Marxisms,,,false,,
"Social Reproduction Theory. Remapping Class, Recentring Oppression",Tithi Bhattacharya (ed),9780745399881,,Pluto Press,,,,19.99,,GBP,1,,IN_STOCK,Marxisms,,,false,,
Revolution Today,Susan Buck-Morss,9781608466795,,Haymarket Books,,,,14.99,,GBP,1,,IN_STOCK,Marxisms,,,false,,
Anti-Capitalist Britain,John Carter & Dave Moreland (eds),9781873797433,,New Clarion Press,,,,12.99,,GBP,1,,IN_STOCK,Marxisms,,,false,,
"Rupturing the Dialectic. The Struggle Against Work, Money, and Financialization",Harry Cleaver,9781849352703,,AK Press,,,,16.50,,GBP,1,,IN_STOCK,Marxisms,,,false,,
33 Lessons on Capital. Reading Karl Marx Politically,Harry Cleaver,9780745339979,,Pluto Press,,,,24.99,,GBP,1,,IN_STOCK,Marxisms,,,false,,
Obsolete Communism. The Left-Wing Alternative,Daniel & Gabriel Cohn-Bendit,9781902593258,,AK Press,,,,12.00,,GBP,1,,IN_STOCK,Marxisms,,,false,,
The Eclipse and Re-Emergence of the Communist Movement,Gilles Dauvé & Francois Martin,,,Antagonism Press,,,,3.00,,GBP,1,,IN_STOCK,Marxisms,,,false,,
Bordiga Beyond The Myth,Onorato Damen,9780993580505,,Prometheus Publications,,,,9.00,,GBP,2,,IN_STOCK,Marxisms,,,false,,
What Was Neoliberalism? Studies in the Most Recent Phase of Capitalism 1973-2008,Neil Davidson,9781642599152,,Haymarket Books,,,,18.99,,GBP,1,,IN_STOCK,Marxisms,,,false,,
Russia. Revolution and Counter Revolution 1905-1924. A View From The Communist Left,Jock Dominic,9780993580536,,Prometheus Publications,,,,12.00,,GBP,2,,IN_STOCK,Marxisms,,,false,,
The Condition of the Working Class in England,Frederick Engels,9780853155935,,Lawrence & Wishart,,,,14.00,,GBP,1,,IN_STOCK,Marxisms,,,false,,
Critical Thought in the Face of the Capitalist Hydra I. Contributions by the Sixth Commission of the EZLN,EZLN,9780979799327,,Paper Boat Press,,,,16.99,,GBP,1,,IN_STOCK,Marxisms,,,false,,
Clara Zetkin Selected Writings,Philip S. Foner (ed),9781608463909,,Haymarket Books,,,,16.99,,GBP,1,,IN_STOCK,Marxisms,,,false,,
The Antonio Gramsci Reader. Selected Writings 1916-1935,David Forgacs,9780853158929,,Lawrence & Wishart,,,,22.00,,GBP,1,,IN_STOCK,Marxisms,,,false,,
The Communist Manifesto. A Road Map to History's Most Important Political Document.,Karl Marx & Federick Engels,9781642599787,,Phil Gasper (ed),,,,14.99,,GBP,1,,IN_STOCK,Marxisms,,,false,,
Imperialism and War. Classic Writings by V. I. Lenin and Nikolai Bukharin,,9781931859660,,Phil Gasper (ed),,,,21.99,,GBP,1,,IN_STOCK,Marxisms,,,false,,
"Marx, Women and Capitalist Social Reproduction. Marxist Feminist Essays",Martha E. Giménez,9781642590470,,Haymarket Press,,,,35.00,,GBP,1,,IN_STOCK,Marxisms,,,false,,
Lenin's Political Thought. Theory and Practice in the Democratic and Socialist Revolutions,Neil Harding,9781931859899,,Haymarket Press,,,,29.99,,GBP,1,,IN_STOCK,Marxisms,,,false,,
Zombie Capitalism. Global Crisis and the Relevance of Marx,Chris Harman,9781608461042,,Haymarket Press,,,,19.99,,GBP,1,,IN_STOCK,Marxisms,,,false,,
"Indefensible. Democracy, Counter-Revolution, and the Rhetoric of Anti-Imperialism",Rohini Hensman,9781608469116,,Haymarket Press,,,,21.99,,GBP,1,,IN_STOCK,Marxisms,,,false,,
Capitalism's Contradictions. Studies in Economic Theory Before and After Marx.,"Henryk Grossman. Ian Birchill, Rick Kuhn & Einde O'Callaghan (trans). Rick Kuhn (ed)",9781608467792,,Haymarket Press,,,,21.99,,GBP,1,,IN_STOCK,Marxisms,,,false,,
Capitalism and Theory. Selected Writings of Michael Kidron.,Richard Kuper (ed),9781608469253,,Haymarket Press,,,,19.99,,GBP,2,,IN_STOCK,Marxisms,,,false,,
Willing Slaves of Capital. Spinoza and Marx on Desire,Frédéric Lordon,9781781681602,,Verso Books,,,,15.99,,GBP,1,,IN_STOCK,Marxisms,,,false,,
Tactics and Ethics 1919-1929,Georg Lukács,9781781681497,,Verso Books,,,,13.99,,GBP,1,,IN_STOCK,Marxisms,,,false,,
Capital Volume 1,Karl Marx. Frederick Engels (ed),9780853159797,,Lawrence & Wishart,,,,20.00,,GBP,1,,IN_STOCK,Marxisms,,,false,,
Anti-Bolshevik Communism,Paul Mattick,9780850362237,,Merlin,,,,14.95,,GBP,1,,IN_STOCK,Marxisms,,,false,,
Workers Councils,Anton Pannekoek,9781902593562,,AK Press,,,,12.00,,GBP,1,,IN_STOCK,Marxisms,,,false,,
"Class, Race and Marxism",David Roediger,9781786631237,,Verso Books,,,,,,,,,,Marxisms,,,false,,
The Essential Rosa Luxemburg. Reform or Revolution and The Mass Strike,Helen Scott (ed),9781931859363,,Haymarket Books,,,,14.99,,GBP,1,,IN_STOCK,Marxisms,,,false,,
Marx's Capital Illustrated,David Smith & Phil Evans,9781608462667,,Haymarket Books,,,,12.99,,GBP,1,,IN_STOCK,Marxisms,,,false,,
Under The Socialist Banner. Resolutions of the Second International 1889-1912,Mike Taber (ed),9781642594676,,Haymarket Books,,,,16.99,,GBP,1,,IN_STOCK,Marxisms,,,false,,
A People's Guide to Capitalism. An Introduction to Marxist Economics,Hadas Their,9781642591699,,Haymarket Books,,,,16.99,,GBP,1,,IN_STOCK,Marxisms,,,false,,
The Lessons of October. Centenary Edition,Leon Trotsky,9781608467389,,Haymarket Books,,,,14.99,,GBP,1,,IN_STOCK,Marxisms,,,false,,
Class Matters. Inequality and Exploitation in the 21st Century.,Charles Umney,9780745337081,,Pluto Press,,,,22.99,,GBP,1,,IN_STOCK,Marxisms,,,false,,
King Mob Echo. From Gordon Riots to Situationists and Sex Pistols,Tom Vague,9781871692075,,Dark Star,,,,4.00,,GBP,1,,IN_STOCK,Marxisms,,,false,,
Marxism and the Oppression of Women. Toward a Unitary Theory,Lise Vogel,9781608463404,,Haymarket Books,,,,30.00,,GBP,1,,IN_STOCK,Marxisms,,,false,,
Like a Summer With a Thousand Julys. Collected Writings from Dave & Stuart Wise 1978-2008,Dave Wise & Stuart Wise,9780993475719,,Bread and Circuses,,,,12.00,,GBP,1,,IN_STOCK,Marxisms,,,false,,
May Day Manifesto. Anniversary Edition,Raymond Williams (ed),9781786636270,,Verso Books,,,,10.99,,GBP,1,,IN_STOCK,Marxisms,,,false,,
"Marx at the Arcade. Consoles, Controllers, and Class Struggle",Jamie Woodcock,9781608468669,,Haymarket Books,,,,16.99,,GBP,1,,IN_STOCK,Marxisms,,,false,,
Occupational Hazards. Occupying Hospitals: Some Inspirations and Issues from our History,,,,Past Tense,,,,5.00,,GBP,1,,IN_STOCK,Unions/Organising/Resources,,,false,,
Choke Points. Logistics Workers Disrupting the Global Supply Chain,Jake Alimahomed-Wilson & Immanuel Ness (eds),9780745337241,,Pluto Press,,,,18.99,,GBP,1,,IN_STOCK,Unions/Organising/Resources,,,false,,
Workers Can Win. A Guide to Organising at Work,Ian Allinson,9780745347813,,Pluto Press,,,,14.99,,GBP,1,,IN_STOCK,Unions/Organising/Resources,,,false,,
Solidarity Betrayed. How Unions Enable Sexual Harassment -- And How They Can Do Better,Ana Avendano,9780745349060,,Pluto Press,,,,18.99,,GBP,1,,IN_STOCK,Unions/Organising/Resources,,,false,,
Class Struggle Unionism,Joe Burns,9781642595840,,Haymarket Books,,,,16.99,,GBP,1,,IN_STOCK,Unions/Organising/Resources,,,false,,
Unfree Labour? Struggles of Migrant and Immigrant Workers in Canada,Aziz Choudry & Adrian A. Smith (eds),9781629631493,,PM Press,,,,17.99,,GBP,1,,IN_STOCK,Unions/Organising/Resources,,,false,,
Nothing To Lose But Our Chains. Work and Resistance in Twenty-First-Century Britain,Jane Hardy,9780745341040,,Pluto Press,,,,19.99,,GBP,2,,IN_STOCK,Unions/Organising/Resources,,,false,,
"Arise. Power, Strategy, and Union Resurgence",Jane Holgate,9780745344027,,Pluto Press,,,,18.99,,GBP,1,,IN_STOCK,Unions/Organising/Resources,,,false,,
Lost in Work. Escaping Capitalism,Amelia Horgan,9780745340913,,Pluto Press,,,,9.99,,GBP,1,,IN_STOCK,Unions/Organising/Resources,,,false,,
Wages for Students,"Jakob Jakobsen, María Berrios & Malav Kanuga (eds)",9781942173021,,Common Notions,,,,11.00,,GBP,1,,IN_STOCK,Unions/Organising/Resources,,,false,,
How We Struggle: A Political Anthropology of Labour,Sian Lazar,9780745347516,,Pluto Press,,,,19.99,,GBP,1,,IN_STOCK,Unions/Organising/Resources,,,false,,
Lessons in Organising. What Trade Unionists can Learn From the War on Teachers.,"Little, Sharp, Stevenson, Wilson",9780745345222,,Pluto Press,,,,14.99,,GBP,1,,IN_STOCK,Unions/Organising/Resources,,,false,,
Make Bosses Pay. Why We Need Unions.,Eve Livingston,9780745341620,,Pluto Press,,,,9.99,,GBP,1,,IN_STOCK,Unions/Organising/Resources,,,false,,
Upon The Backs of Labour,Arthur J. Miller,9781926878065,,Black Cat Press,,,,8.95,,GBP,1,,IN_STOCK,Unions/Organising/Resources,,,false,,
Organizing Insurgency. Workers Movements in the Global South,Immanuel Ness,9780745343594,,Pluto Press,,,,18.99,,GBP,1,,IN_STOCK,Unions/Organising/Resources,,,false,,
New Forms of Worker Organisation. The Syndicalist and Autonomist Restoration of Class Struggle Unionism,Immanuel Ness,9781604869569,,PM Press,,,,21.99,,GBP,1,,IN_STOCK,Unions/Organising/Resources,,,false,,
"Workers' Inquiry and Global Class Struggle. Strategies, Tactics, Objectives.",Robert Ovetz (ed),9780745340869,,,,,,24.99,,GBP,1,,IN_STOCK,Unions/Organising/Resources,,,false,,
Struck Out. Why Employment Tribunals Fail Workers and What Can Be Done,David Renton,9780745332550,,,,,,29.99,,GBP,2,,IN_STOCK,Unions/Organising/Resources,,,false,,
Poor Workers' Unions. Rebuilding Labor From Below,Vanessa Tait,9781608465200,,0,,,,19.99,,GBP,1,,IN_STOCK,Unions/Organising/Resources,,,false,,
Split. Class Divides Uncovered,Ben Tippet,9780745340210,,Pluto Press,,,,9.99,,GBP,1,,IN_STOCK,Unions/Organising/Resources,,,false,,
Kettling the Unions? A Guide to the 2016 Trade Union Act,Alan Tuckman,9780851248745,,Spokesman Books,,,,14.99,,GBP,1,,IN_STOCK,Unions/Organising/Resources,,,false,,
Labor Power and Strategy.,John Womack Jr,9781629639741,,PM Press,,,,15.99,,GBP,1,,IN_STOCK,Unions/Organising/Resources,,,false,,
The Permanent Guillotine. Writings of the Sans-Culottes,Mitchell Abidor,9781629633886,,PM Press,,,,13.99,,GBP,1,,IN_STOCK,History,,,false,,
May Made Me. An Oral History of the 1968 Uprising in France.,Mitchell Abidor,9780745336947,,Pluto Press,,,,12.99,,GBP,1,,IN_STOCK,History,,,false,,
Dynamite: The Story of Class Violence in America,Louis Adamic,9781904859741,,AK Press,,,,13.00,,GBP,1,,IN_STOCK,History,,,false,,
Leon Trotsky an Illustrated Introduction,Tariq Ali & Phil Evans,9781608461868,,Haymarket Books,,,,14.99,,GBP,1,,IN_STOCK,History,,,false,,
Lucy Parsons an American Revolutionary,Carolyn Ashbaugh,9781608462131,,Haymarket Books,,,,19.99,,GBP,1,,IN_STOCK,History,,,false,,
Dynamite and Roses,Robert Benedetti. Charles H,9780882862910,,Kerr Publishing Company,,,,12.00,,GBP,1,,IN_STOCK,History,,,false,,
Tony Benn presents A Common Treasury,Gerrard Winstanley,9781844675951,,Verso Books,,,,13.99,,GBP,1,,IN_STOCK,History,,,false,,
Strike!,Jeremy Brecher,9781629638003,,PM Press,,,,24.99,,GBP,1,,IN_STOCK,History,,,false,,
Paris May 68,Maurice Brinton,9781914567407,,Active Distribution,,,,2.50,,GBP,2,,IN_STOCK,History,,,false,,
Godless. 150 Years of Disbelief. Collected Atheist Texts From the 19^th^ Century Through Today.,Chaz Bufe,9781629636412,,PM Press,,,,17.99,,GBP,1,,IN_STOCK,History,,,false,,
Working-Class Heroes a History of Struggle in Song. A Songbook.,Mat Callahan & Yvonne Moore,9781629637167,,PM Press,,,,12.99,,GBP,1,,IN_STOCK,History,,,false,,
Nautical Women. Women Sailors and the Women of Sailortowns: A Forgotten Diaspora c. 1693-1902,Rosemary L. Caldicott,9781911522461,,Bristol Radical History Group,,,,6.00,,GBP,1,,IN_STOCK,History,,,false,,
Ben Fletcher the Life and Times of a Black Wobbly,Peter Cole,9781629638324,,PM Press,,,,16.99,,GBP,1,,IN_STOCK,History,,,false,,
Wobblies of the World. A Global History of the IWW.,"Cole, Struthers and Zimmer",9780745399591,,Pluto Press,,,,26.99,,GBP,1,,IN_STOCK,History,,,false,,
Set the Earth on Fire. The Great Anthracite Coal Strike of 1902 and the Birth of the Police.,David Correia,9798888900901,,Haymarket Books,,,,19.99,,GBP,1,,IN_STOCK,History,,,false,,
Radical Glasgow,,9780953739486,,Voline Press,,,,12.00,,GBP,1,,IN_STOCK,History,,,false,,
The Five Hundred Year Rebellion. Indigenous Movements and the and Decolonization of History in Bolivia,Benjamin Dangl,9781849353465,,AK Press,,,,,,,,,,History,,,false,,
Labour Revolt in Britain 1910-14.,Ralph Darlington,9780745339030,,Pluto Press,,,,,,,,,,History,,,false,,
Radical Unionism. The Rise and Fall of Revolutionary Syndicalism,Ralph Darlington,9781608463305,,Haymarket Press,,,,19.99,,GBP,1,,IN_STOCK,History,,,false,,
How Revolutionary Were the Bourgeois Revolutions?,Neil Davidson,9781608467310,,Haymarket Books,,,,21.99,,GBP,1,,IN_STOCK,History,,,false,,
Sylvia Pankhurst a Life in Radical Politics,Mary Davis,9780745311517,,Pluto Press,,,,26.99,,GBP,1,,IN_STOCK,History,,,false,,
Pit Sense Versus the State. A History of Militant Miners in the Doncaster Area.,,9780948984266,,Phoenix Press,,,,4.50,,GBP,1,,IN_STOCK,History,,,false,,
British Labour and the Russian Revolution. The Leeds Convention of 1917.,Janet Douglas & Christian Hogsbjerg,,,Spokesman,,,,8.00,,GBP,1,,IN_STOCK,History,,,false,,
The Letters of Joe Hill,Philip S. Foner (ed),9781608464975,,Haymarket Books,,,,16.99,,GBP,1,,IN_STOCK,History,,,false,,
The Case of Joe Hill,Philip S. Foner,9780717800223,,International Publishers,,,,10.99,,GBP,1,,IN_STOCK,History,,,false,,
Organized Labor and the Black Worker 1619-1981,Philip S. Foner,9781608467877,,Haymarket Books,,,,21.99,,GBP,1,,IN_STOCK,History,,,false,,
Rosa Luxemburg,Paul Frolich,9781608460748,,Haymarket Books,,,,19.99,,GBP,1,,IN_STOCK,History,,,false,,
1968 on Edge of World Revolution,Philipp Gassert & Martin Klimke,9781551646459,,Black Rose Books,,,,17.99,,GBP,1,,IN_STOCK,History,,,false,,
The Paris Commune A Revolution in Democracy,Donny Gluckstein,9781608461189,,Haymarket Books,,,,16.99,,GBP,1,,IN_STOCK,History,,,false,,
Can't Pay Won't Pay. The Fight to Stop the Poll Tax,Simon Hannah,9780745340814,,Pluto Press,,,,18.99,,GBP,1,,IN_STOCK,History,,,false,,
A Walk Through Paris. A Radical Exploration,Eric Hazan,9781786632593,,Verso Books,,,,9.99,,GBP,1,,IN_STOCK,History,,,false,,
Riot! Civil Insurrection From Peterloo to the Present Day,Ian Hernon,9780745350578,,Pluto Press,,,,26.99,,GBP,1,,IN_STOCK,History,,,false,,
Race to Revolution. The United States and Cuba During Slavery and Jim Crow,Gerald Horne,9781583674451,,Monthly Review Press,,,,20.00,,GBP,1,,IN_STOCK,History,,,false,,
"Reform, Revolution and Direct Action Amongst British Miners. The Struggle for the Charter in 1919",Martyn Ives,9781608468195,,Haymarket Books,,,,30.00,,GBP,1,,IN_STOCK,History,,,false,,
International Brigade Against Apartheid. Secret's of the People's War That Liberated South Africa,Ronnie Kasrils (ed),9781431432028,,National Institute for the Humanities and Social Sciences,,,,16.95,,GBP,1,,IN_STOCK,History,,,false,,
The Global Imagination of 1968 Revolution and Counterrevolution,George Katsiaficas,9781629634395,,PM Press,,,,20.99,,GBP,1,,IN_STOCK,History,,,false,,
"Work. The Last 1,000 Years.",Andrea Komlosy,9781786634108,,Verso,,,,16.99,,GBP,1,,IN_STOCK,History,,,false,,
1919: A Graphic History of the Winnipeg General Strike.,,9781771134200,,The Graphic History Collective & David Lester,,,,11.99,,GBP,1,,IN_STOCK,History,,,false,,
Militarism and Anti-Militarism,Karl Liebknecht,9781551643403,,Black Rose Books,,,,13.99,,GBP,1,,IN_STOCK,History,,,false,,
The Labor Wars. From the Molly Maguires to the Sit-Downs,Sidney Lens,9781931859707,,Haymarket Books,,,,21.99,,GBP,1,,IN_STOCK,History,,,false,,
"Jobs With Justice. 25 Year, 25 Voices",Eric Larson (ed),9781604867466,,PM Press,,,,15.99,,GBP,1,,IN_STOCK,History,,,false,,
The Bauxite Strike and the Old Politics,Eusi Kwayana,9780990641803,,OOOA!,,,,16.00,,GBP,1,,IN_STOCK,History,,,false,,
Occupy Everything. Reflections on why it's Kicking Off Everywhere.,Alessio Lunghi & Seth Wheeler,9781570272516,,Minor Compositions,,,,8.00,,GBP,1,,IN_STOCK,History,,,false,,
Rosa Luxemburg. The Incendiary Spark,Michael Lowt,9781642599824,,Haymarket Press,,,,19.99,,GBP,1,,IN_STOCK,History,,,false,,
Revolutions,,9781642591606,,Michael Lowy Haymarket Press,,,,29.99,,GBP,1,,IN_STOCK,History,,,false,,
Militant Miners,Ian MacDougall (ed),9780904919509,,Polygon,,,,18.00,,GBP,1,,IN_STOCK,History,,,false,,
Accuser of Capitalism,John Maclean,9780992898342,,Calton Books,,,,5.00,,GBP,1,,IN_STOCK,History,,,false,,
Brigadistes. Lives for Liberty,Jordi Martí-Rueda,9780745347127,,Pluto Press,,,,12.99,,GBP,1,,IN_STOCK,History,,,false,,
Live Working or Die Fighting. How the Working Class Went Global.,Paul Mason,9781608460700,,Haymarket Press,,,,14.99,,GBP,1,,IN_STOCK,History,,,false,,
The Kronstadt Uprising,Ida Mett,9780995660946,,Theory and Practice,,,,10.00,,GBP,1,,IN_STOCK,History,,,false,,
The Making Of The Black Working Class In Britain,Ron Ramdin,9781786630650,,Verso,,,,19.99,,GBP,1,,IN_STOCK,History,,,false,,
Living And Dying On The Factory Floor. From the Outside In and the Inside Out,David Ranney,9781629636399,,PM Press,,,,13.99,,GBP,1,,IN_STOCK,History,,,false,,
Ten Days That Shook The World,John Reed,9781642590029,,Haymarket Books,,,,19.99,,GBP,1,,IN_STOCK,History,,,false,,
Deference and Dissent. Labour Relations in a Family Firm,Mike Richardson,9781911522713,,Bristol Radical History Group,,,,9.00,,GBP,1,,IN_STOCK,History,,,false,,
Voices Of 1968. Documents From the Global North.,"Salar Mohandesi, Bjarke Shaerlund Risager & Laurence Cox (eds)",9780745338088,,Pluto Press,,,,19.99,,GBP,1,,IN_STOCK,History,,,false,,
Ours To Masters And To Own. Workers' Control From the Commune to the Present.,Immanuel Ness & Dario Azzellini,9781608461196,,Haymarket Books,,,,21.99,,GBP,1,,IN_STOCK,History,,,false,,
Zapata of Mexico.,Peter E. Newell,9781904491057,,Freedom Press,,,,9.50,,GBP,1,,IN_STOCK,History,,,false,,
Look Back In Anger. The Miners' Strike in Nottinghamshire 30 Years On.,Harry Paterson,9781907869952,,Five Leaves,,,,9.99,,GBP,1,,IN_STOCK,History,,,false,,
Alexandra Kollontai. A Biography,Cathy Porter,9781608463688,,Haymarket Books,,,,24.99,,GBP,1,,IN_STOCK,History,,,false,,
American Labor's First Strike,Henry P. Rosemont. Charles H,9780882863139,,Kerr,,,,15.00,,GBP,1,,IN_STOCK,History,,,false,,
The Emergence Of Social Space: Rimbaud and the Paris Commune,Kristin Ross,9781844672066,,,,,,14.99,,GBP,1,,IN_STOCK,History,,,false,,
Capitalism: A Ghost Story.,Arundhati Roy,9781784780944,,Verso,,,,8.99,,GBP,1,,IN_STOCK,History,,,false,,
Revolutions in Danger. Writings From Russia 1919-1921.,Victor Serge,9781608460830,,Haymarket Books,,,,14.99,,GBP,1,,IN_STOCK,History,,,false,,
Year One of the Russian Revolution,Victor Serge,9781608462674,,Haymarket Books,,,,21.99,,GBP,1,,IN_STOCK,History,,,false,,
One Hundred Red Hot Years. Big Moments of the 20^th^ Century,Deborah Shnookal (ed),9781876175481,,,,,,5.95,,GBP,1,,IN_STOCK,History,,,false,,
Prelude to Revolution France In May 1968,Daniel Singer,9781608462735,,Haymarket Books,,,,21.99,,GBP,1,,IN_STOCK,History,,,false,,
The Spirit Of Marikana. The Rise of Insurgent Trade Unionism in South Africa,Luke Sinwell & Siphiwe Mbatha,9780745336480,,Pluto Press,,,,16.99,,GBP,1,,IN_STOCK,History,,,false,,
George Orwell Illustrated.,David Smith & Mike Mosher,9781608467839,,Haymarket Books,,,,14.99,,GBP,3,,IN_STOCK,History,,,false,,
British Communism and the Politics of Race.,Evan Smith,9781608469987,,Haymarket Books,,,,30.00,,GBP,1,,IN_STOCK,History,,,false,,
The Red Army Faction A Documentary History. Volume 2: Dancing With Imperialism,J. Smith & André Moncourt,9781604860306,,PM Press,,,,23.99,,GBP,1,,IN_STOCK,History,,,false,,
A Collection of Ranter Writings. Spiritual Liberty and Sexual Freedom in the English Revolution,Nigel Smith,9780745333601,,Pluto Press,,,,29.99,,GBP,1,,IN_STOCK,History,,,false,,
Pandemic Solidarity. Mutual Aid During the Covid-19 Crisis,Marina Sitrin & Colectiva Sembrar (eds),9780745343167,,Pluto Press,,,,24.99,,GBP,1,,IN_STOCK,History,,,false,,
"Red International and Black Caribbean. Communists in New York, Mexico and the West Indies, 1919-1939",Margaret Stevens,9780745337265,,Pluto Press,,,,20.00,,GBP,1,,IN_STOCK,History,,,false,,
Radical Seattle. The General Strike of 1919,Cal Winslow,9781583678527,,Monthly Review Press,,,,14.00,,GBP,1,,IN_STOCK,History,,,false,,
Working Class History Everyday Acts Of Resistance & Rebellion,Working Class History,9781629638232,,PM Press,,,,18.99,,GBP,1,,IN_STOCK,History,,,false,,
Not Our War. Writings Against the First World War,A W Zurburgg,9780850366143,,Merlin Press,,,,12.95,,GBP,1,,IN_STOCK,History,,,false,,
Class Power On Zero-Hours,Angry Workers,9781527258341,,PM Press,,,,12.00,,GBP,1,,IN_STOCK,Politics/Current Affairs,,,false,,
Abolish Carceral Society,Abolition Collective,9781942173083,,Common Notions,,,,12.95,,GBP,1,,IN_STOCK,Politics/Current Affairs,,,false,,
"Abolishing State Violence. A World Beyond Bombs, Borders, and Cages",Ray Acheson,9781642596939,,Haymarket Books,,,,17.99,,GBP,1,,IN_STOCK,Politics/Current Affairs,,,false,,
The Cost of Free Shipping. Amazon in the Global Economy,Jake Alimahomed-Wilson & Ellen Reese (eds),9780745341484,,Pluto Press,,,,20.00,,GBP,1,,IN_STOCK,Politics/Current Affairs,,,false,,
The New Poverty,Stephen Armstrong,9781786634634,,Verso,,,,12.99,,GBP,1,,IN_STOCK,Politics/Current Affairs,,,false,,
The Class Strikes Back. Self-Organised Workers' Struggles in the Twenty-First Century,,9781608460168,,Haymarket Books,,,,30.00,,GBP,1,,IN_STOCK,Politics/Current Affairs,,,false,,
Education And Capitalism. Struggles for Learning and Liberation.,,9781608461479,,Haymarket Books,,,,16.99,,GBP,1,,IN_STOCK,Politics/Current Affairs,,,false,,
Revolutionary Rehearsals In The Neoliberal Age,"Colin Barker, Gareth Dale & Neil Davidson (eds)",9781642594683,,,,,,19.99,,GBP,1,,IN_STOCK,Politics/Current Affairs,,,false,,
"Their End is Our Beginning. Cops, Capitalism, and Abolition",Brian Bean,9798888903735,,Haymarket Books,,,,16.99,,GBP,1,,IN_STOCK,Politics/Current Affairs,,,false,,
Rednecks and Barbarians. Uniting the White and Racialized Working Class,Houria Bouteldja,9780745349558,,Pluto Press,,,,16.99,,GBP,1,,IN_STOCK,Politics/Current Affairs,,,false,,
"Emergent Strategy. Shaping Change, Changing Worlds",Adrienne Maree Brown,9781849352604,,AK Press,,,,12.50,,GBP,2,,IN_STOCK,Politics/Current Affairs,,,false,,
Squatting London. The Politics of Property,Samuel Burgum,9780745341439,,Pluto Press,,,,24.99,,GBP,1,,IN_STOCK,Politics/Current Affairs,,,false,,
The Squatters' Movement in Europe. Commons and Autonomy as Alternatives to Capitalism,Claudio Cattaneo & Miguel A. Martinez,9780745333953,,Pluto Press,,,,27.99,,GBP,1,,IN_STOCK,Politics/Current Affairs,,,false,,
"The Precipice. Neoliberalism, the Pandemic and the Urgent Need for Social Change.",Noam Chomsky,9781642594584,,Haymarket Books,,,,12.99,,GBP,1,,IN_STOCK,Politics/Current Affairs,,,false,,
On Western Terrorism. From Hiroshima to Drone Warfare,Noam Chomsky & Andre Vltchek,9780745399317,,Pluto Press,,,,19.99,,GBP,2,,IN_STOCK,Politics/Current Affairs,,,false,,
Divided World Divided Class. Global Political Economy and the Stratification of Labour Under Capitalism,Zak Cope,9781894946681,,Kersplebedeb,,,,18.95,,GBP,1,,IN_STOCK,Politics/Current Affairs,,,false,,
A-Z of green Capitalism. Corporate Watch,,9781907738227,,,,,,9.99,,GBP,2,,IN_STOCK,Politics/Current Affairs,,,false,,
The UK Border Regime: a Critical Guide,,9781907738241,,Corporate Watch,,,,10.00,,GBP,1,,IN_STOCK,Politics/Current Affairs,,,false,,
Bananeras. Women Transforming the Banana Unions of Latin America,Dana Frank,9781608465354,,Haymarket Books,,,,,,,,,,Politics/Current Affairs,,,false,,
Invisible. A Diary of Rough Sleeping in Britain,Andrew Frazer,9781904491316,,Freedom Press,,,,10.00,,GBP,3,,IN_STOCK,Politics/Current Affairs,,,false,,
"Vagabonds 003. We Are 'Nature' Defending Itself. Entangling Art, Activism and Autonomous Zones",Isabelle Fremeaux & Jat Jordan,9780745345871,,Pluto Press,,,,14.99,,GBP,1,,IN_STOCK,Politics/Current Affairs,,,false,,
The Age of Inequality. Corporate America's War on Working People,Jeremy Gantz (ed),9781786631145,,Verso,,,,14.99,,GBP,1,,IN_STOCK,Politics/Current Affairs,,,false,,
Vagabond 007. Pirate Care. Acts Against The Criminalization of Solidarity,"Valeria Graziano, Marcell Mars, & Tomislav Medak",9780745349800,,Pluto Press,,,,14.99,,GBP,2,,IN_STOCK,Politics/Current Affairs,,,false,,
Dancing With Dynamite. Social Movements and States in Latin America,Benjamin Dangl,9781849350150,,AK Press,,,,12.00,,GBP,1,,IN_STOCK,Politics/Current Affairs,,,false,,
"Culpable. Deregulation, Austerity and the Causes of the Grenfell Tower Fire",Paul Hampton,9780745351025,,Pluto Press,,,,19.99,,GBP,1,,IN_STOCK,Politics/Current Affairs,,,false,,
The Trouble with National Action,Mark Hayes,9781904491347,,Freedom Press,,,,5.00,,GBP,1,,IN_STOCK,Politics/Current Affairs,,,false,,
"Essential Work Disposable Workers. Migration, Capitalism, Class",Mostafa Henaway,9781773632254,,Fernwood Publishing,,,,18.99,,GBP,1,,IN_STOCK,Politics/Current Affairs,,,false,,
The Zapatistas' Dignified Rage. Final Public Speeches of Subcommander Marcos,Nick Henck (ed),9781849352925,,AK Press,,,,15.00,,GBP,1,,IN_STOCK,Politics/Current Affairs,,,false,,
Beyond Cop Cites. Dismantling State and Corporate-Funded Armies and Prisons.,Joy James (ed),9780745350486,,Pluto Press,,,,9.99,,GBP,1,,IN_STOCK,Politics/Current Affairs,,,false,,
Chavs The Demonization of The Working Class,Owen Jones,9781839760921,,Verso,,,,9.99,,GBP,1,,IN_STOCK,Politics/Current Affairs,,,false,,
Worth Fighting For. Bringing the Rojava Revolution Home,Jenni Keasden & Natalia Szarek,9781914567216,,Active Distribution,,,,7,,GBP,2,,IN_STOCK,Politics/Current Affairs,,,false,,
The Battle For Paradise. Puerto Rico Takes on the Disaster Capitalists.,Naomi Klein,9781608463572,,Haymarket Books,,,,8.99,,GBP,7,,IN_STOCK,Politics/Current Affairs,,,false,,
We are Millions. Neo-Liberalism and New Forms of Political Action in Argentina.,Marcela López Levy,9781899365630,,Latin American Bureau,,,,8.99,,GBP,1,,IN_STOCK,Politics/Current Affairs,,,false,,
"Solito, Solita. Crossing Borders with Youth Refugees from Central America.",Steven Mayers & Jonathan Freedman (eds),9781608466184,,Haymarket Books,,,,24.99,,GBP,1,,IN_STOCK,Politics/Current Affairs,,,false,,
The Essence Of Capitalism. The Origins of Our Future.,Humphrey McQueen,9781551642208,,Black Rose Books,,,,12.00,,GBP,1,,IN_STOCK,Politics/Current Affairs,,,false,,
Monstrous Anger of the Guns. How the Global Arms Trade Is Ruining The World and What We Can Do About It,"Rhona Michie, Andrew Feinstein & Paul Rogers",9780745350363,,Pluto Press,,,,12.99,,GBP,1,,IN_STOCK,Politics/Current Affairs,,,false,,
Southern Insurgency. The Coming Of The Global Working Class,Immanuel Ness,9780745335995,,Pluto Press,,,,24.99,,GBP,1,,IN_STOCK,Politics/Current Affairs,,,false,,
Rubbish Belongs to the Poor. Hygienic Enclosure and the Waste Commons.,Patrick O'Hare,9780745341408,,Pluto Press,,,,19.99,,GBP,1,,IN_STOCK,Politics/Current Affairs,,,false,,
Scattered Sand. The Story of China's Rural Migrants,Hsiao-Hung Pai,9781844678860,,Verso,,,,16.99,,GBP,1,,IN_STOCK,Politics/Current Affairs,,,false,,
Into The Tempest. Essays on the New Global Capitalism,William I. Robinson,9781608469666,,Haymarket Books,,,,19.99,,GBP,1,,IN_STOCK,Politics/Current Affairs,,,false,,
Abolish Rent,Tracy Rosenthal & Leonardo Vilchis,9788888902523,,Haymarket Books,,,,14.99,,GBP,1,,IN_STOCK,Politics/Current Affairs,,,false,,
As Black As Resistance. Finding the Conditions for Liberation,Zoé Samudzi & William C. Anderson,9781849353168,,AK Press,,,,13.00,,GBP,1,,IN_STOCK,Politics/Current Affairs,,,false,,
Us Politics in an Age of Uncertainty. Essays on a New reality,Lance Selfa (ed),9781608468539,,Haymarket Books,,,,16.99,,GBP,2,,IN_STOCK,Politics/Current Affairs,,,false,,
"The End of The World As We Know It? Crisis, Resistance, and the Age of Austerity",Deric Shannon (ed),9781849351867,,AK Press,,,,18.95,,GBP,1,,IN_STOCK,Politics/Current Affairs,,,false,,
The No-Nonsense Guide to International Migration,Peter Stalker,9781904456940,,New Internationalist,,,,7.99,,GBP,1,,IN_STOCK,Politics/Current Affairs,,,false,,
The Fair Trade Scandal. Marketing Poverty to Benefit the Rich,Ndongo S. Sylla,9780745334240,,Pluto Press,,,,19.99,,GBP,1,,IN_STOCK,Politics/Current Affairs,,,false,,
From #Blacklivesmatter to Black Liberation.,Keeanga-Yamahtta Taylor,9781608465620,,Haymarket Books,,,,15.99,,GBP,2,,IN_STOCK,Politics/Current Affairs,,,false,,
"Vagabonds 002. The Hologram. Feminist, Peer-to-Peer Health for a Post- Pandemic Future",Cassie Thornton,9780745343327,,Pluto Press,,,,14.99,,GBP,1,,IN_STOCK,Politics/Current Affairs,,,false,,
Revolt And Crisis In Greece. Between a Present Yet to Pass and a Future Still to Come,Antonis Vradis & Dimitris Dalakoglou,,,Occupied London,,,,10.00,,GBP,1,,IN_STOCK,Politics/Current Affairs,,,false,,
"Extracting Profit. Imperialism, Neoliberalism, and the New Scramble for Africa",Lee Wengraf,9781608468515,,Haymarket Books,,,,15.00,,GBP,1,,IN_STOCK,Politics/Current Affairs,,,false,,
Thinking Beyond War. Civil-Military Relations and Why America Fails to Win the Peace,Isaiah Wilson,9781137344427,,Palgrave Macmillan,,,,29.99,,GBP,1,,IN_STOCK,Politics/Current Affairs,,,false,,
"Sexuality And Socialism. History, Politics, and Theory of LGBT Liberation",Sherry Wolf,9781931859790,,Haymarket Books,,,,16.99,,GBP,1,,IN_STOCK,Politics/Current Affairs,,,false,,
Crisis and Control. The Militarization of Protest Policing,Lesley J. Wood,9780745333885,,Pluto Press,,,,26.99,,GBP,1,,IN_STOCK,Politics/Current Affairs,,,false,,
The Debt System. A History of Sovereign Debts and Their Repudiation,Éric Toussaint,9781608463091,,Haymarket Books,,,,15.00,,GBP,1,,IN_STOCK,Politics/Current Affairs,,,false,,
Why Don\'t The Poor Rise Up? Organizing the Twenty-First Century Resistance,Michael Truscello & Ajamu Nangwaya,9781849352789,,AK Press,,,,16.50,,GBP,1,,IN_STOCK,Politics/Current Affairs,,,false,,
Fascism Today. What It Is And How To End It,Shane Burley,9781849352949,,AK Press,,,,12.50,,GBP,1,,IN_STOCK,Fascism/Anti-Fascism,,,false,,
"The Nazis, Capitalism, and the Working Class",Donny Gluckstein,9781608461370,,Haymarket Books,,,,19.99,,GBP,1,,IN_STOCK,Fascism/Anti-Fascism,,,false,,
The Political Economy of Racism,Melvin Leiman,9781608460663,,Haymarket Books,,,,21.99,,GBP,1,,IN_STOCK,Fascism/Anti-Fascism,,,false,,
Fighting Fascism. How to Struggle and How to Win,Clara Zetkin,9781608468522,,Haymarket Books,,,,,,,,,,Fascism/Anti-Fascism,,,false,,
No Planet B. A teen Vogue Guide to the Climate Crisis,Lucy Diavolo (ed),9781642592597,,Haymarket Books,,,,14.99,,GBP,1,,IN_STOCK,Ecology/Environment,,,false,,
"This System is Killing Us. Land Grabbing, the Green Economy & Ecological Conflict",,9780745348827,,Pluto Press,,,,16.99,,GBP,1,,IN_STOCK,Ecology/Environment,,,false,,
Practicing Social Ecology. From Bookchin to Rojava and Beyond,Eleanor Finley,9780745346908,,Pluto Press,,,,16.99,,GBP,2,,IN_STOCK,Ecology/Environment,,,false,,
The Solutions are Already Here. Tactics for Ecological Revolution from Below.,Peter Genderloos,9780745345116,,Pluto Press,,,,16.99,,GBP,1,,IN_STOCK,Ecology/Environment,,,false,,
Ecosocialism. A Radical Alternative to Capitalist Catastrophe,Michael Lowy,9781608464715,,Haymarket Books,,,,16.99,,GBP,1,,IN_STOCK,Ecology/Environment,,,false,,
The Big Heat. Earth on the Brink,Jeffrey St. Clair & Joshua Frank,9781849353366,,Counter Punch & AK Press,,,,15.00,,GBP,1,,IN_STOCK,Ecology/Environment,,,false,,
"Abolition Feminisms Vol. 1. Organizing, Survival, and Transformative Practice","Alisa Bierria, Jakeya Caruthers & Brooke Lober (eds)",9781642596946,,Haymarket Books,,,,19.99,,GBP,1,,IN_STOCK,Feminism/Women's Studies,,,false,,
Abolition Feminisms Vol. 2. Feminist ruptures against the Carceral State,"Alisa Bierria, Jakeya Caruthers & Brooke Lober (eds)",9781642598452,,,,,,16.99,,GBP,1,,IN_STOCK,Feminism/Women's Studies,,,false,,
Striking Women. Struggles & Strategies of South Asian Women Workers from Grunwick to Gate Gourmet,Sundari Anitha & Ruth Pearson,9781912064861,,Lawrence & Wishart,,,,18.00,,GBP,1,,IN_STOCK,Feminism/Women's Studies,,,false,,
Women and the Politics of Class,Joanna Brenner,9781583670101,,Monthly Review Press,,,,16.95,,GBP,1,,IN_STOCK,Feminism/Women's Studies,,,false,,
Pit Women. Coal Communities in Northern England in the Early Twentieth Century.,Griselda Carr,9780850364958,,Merlin Press,,,,13.99,,GBP,1,,IN_STOCK,Feminism/Women's Studies,,,false,,
Abolition. Feminism. Now,"Angela Davis, Gina Dent, Erica R. Meiners & Beth E. Richie",9781642592580,,Haymarket Books,,,,24.99,,GBP,1,,IN_STOCK,Feminism/Women's Studies,,,false,,
"The Kurdish Women's Movement. History, Theory, Practice",Dilar Dirik,9780745341941,,Pluto Press,,,,18.99,,GBP,1,,IN_STOCK,Feminism/Women's Studies,,,false,,
"Rosa Luxemburg, Women's Liberation, and Marx's Philosophy of Revolution",Raya Dunayevskaya,9781252061899,,University of Illinois Press,,,,19.99,,GBP,1,,IN_STOCK,Feminism/Women's Studies,,,false,,
Reproductive Rights and Wrongs. The Global Politics of Population Control,Betsy Hartmann,9781608467334,,Haymarket Books,,,,21.99,,GBP,2,,IN_STOCK,Feminism/Women's Studies,,,false,,
The Purple Color of Kurdish Politics. Women Politicians Write From Prison,Gultan Kisanak,9780745347080,,Pluto Press,,,,14.99,,GBP,1,,IN_STOCK,Feminism/Women's Studies,,,false,,
"Enemy Feminisms. TERFS, Policewomen 7 Girlbosses Against Liberation",Sophie Lewis,9788888902493,,Haymarket Books,,,,14.99,,GBP,1,,IN_STOCK,Feminism/Women's Studies,,,false,,
Kurdish Women's Stories,Houzan Mahmoud (ed),9780745341149,,Pluto Press,,,,16.99,,GBP,1,,IN_STOCK,Feminism/Women's Studies,,,false,,
"Women, Resistance and Revolution. A History of Women and Revolution in the Modern World",Sheila Rowbotham,9781781681466,,Verso,,,,19.99,,GBP,1,,IN_STOCK,Feminism/Women's Studies,,,false,,
Turn the World Inside Out. The Emergence of Nurturance Culture,Nora Samaran,9781849353588,,AK Press,,,,9.95,,GBP,2,,IN_STOCK,Feminism/Women's Studies,,,false,,
"Feminist Freedom Warriors. Genealogies, Justice, Politics, and Hope",Chandra Talpade Mohanty & Linda E. Carty,9781608468973,,Haymarket Books,,,,15.99,,GBP,3,,IN_STOCK,Feminism/Women's Studies,,,false,,
How We Get Free. Black Feminism and the Combahee River Collective,Keeanga-Yamahtta Taylor (ed),9781608468553,,Haymarket Books,,,,8.00,,GBP,2,,IN_STOCK,Feminism/Women's Studies,,,false,,
The Women Incendiaries,Edith Thomas,9781931859462,,Haymarket Books,,,,16.99,,GBP,1,,IN_STOCK,Feminism/Women's Studies,,,false,,
Love With Accountability. Digging Up the Roots of Child Sexual Abuse,Aishah Shahidah Simmons (ed),9781849353526,,AK Press,,,,17.00,,GBP,1,,IN_STOCK,Feminism/Women's Studies,,,false,,
A Palestine Reader (Incomplete).,,9781914567490,,Active Distribution,,,,5.00,,GBP,2,,IN_STOCK,Palestine,,,false,,
Voice of the Nakba. A Living History of Palestine,Diana Allan (ed),9780745342917,,Pluto Press,,,,22.99,,GBP,2,,IN_STOCK,Palestine,,,false,,
Light in Gaza. Writings Born of Fire,"Jehad Abusalim, Jennifer Bing & Michael Merryman (eds)",9781642596991,,Haymarket Books,,,,21.99,,GBP,1,,IN_STOCK,Palestine,,,false,,
By Theft and Murder: A Beginners Guide to the Occupation of Palestine,Ted Curtis,9780952574439,,Spare Change Books,,,,10,,GBP,3,,IN_STOCK,Palestine,,,false,,
Perfect Victims and the Reality of Appeal,Mohammed El-Kurd,9798888903155,,Haymarket Books,,,,12.99,,GBP,2,,IN_STOCK,Palestine,,,false,,
Moral Abdication. How the World Failed to Stop the Destruction of Gaza,Didier Fassin,9781804299678,,Verso,,,,9.99,,GBP,4,,IN_STOCK,Palestine,,,false,,
"Decolonizing Israel, Liberating Palestine. Zionism, Settler Colonialism, and the Case for One Democratic State",Jeff Halper,9780745343396,,Pluto Press,,,,14.99,,GBP,2,,IN_STOCK,Palestine,,,false,,
"War Against the People. Israel, the Palestinians and Global Pacification",Jeff Halper,9780745334301,,Pluto Press,,,,16.99,,GBP,1,,IN_STOCK,Palestine,,,false,,
Leila Khaled. Icon of Palestinian Liberation,Sarah Irving,9780745329512,,Pluto Press,,,,16.99,,GBP,1,,IN_STOCK,Palestine,,,false,,
The Palestine Laboratory. How Israel Exports the Technology of Occupation Around the World,Antony Loewenstein,9781839762093,,Verso,,,,12.99,,GBP,4,,IN_STOCK,Palestine,,,false,,
The Destruction of Palestine is the Destruction of the Earth,Andreas Malm,9781836740070,,Verso,,,,9.99,,GBP,5,,IN_STOCK,Palestine,,,false,,
Vagabonds 006. To See In the Dark. Palestine and Visual Activism Since October 7,Nicholas Mirzoeff,9780745351155,,Pluto Press,,,,14.99,,GBP,1,,IN_STOCK,Palestine,,,false,,
Israel/Palestine. How to End the War of 1948,Tanya Reinhart,9781583226513,,Seven Stories,,,,9.99,,GBP,2,,IN_STOCK,Palestine,,,false,,
Unsilencing Gaza. Reflections on Resistance,Sara Roy,9780745341378,,Pluto Press,,,,25.99,,GBP,2,,IN_STOCK,Palestine,,,false,,
Peace Under Fire. Israel/Palestine and the International Solidarity Movement,Josie Sandercock et. al. (eds),9781844675012,,Verso,,,,15.00,,GBP,1,,IN_STOCK,Palestine,,,false,,
Interviews With Radical Palestinian Women,Shoal Collective (ed),9781914567070,,Active Distribution,,,,6.00,,GBP,1,,IN_STOCK,Palestine,,,false,,
Cracks in the Wall. Beyond Apartheid in Palestine/Israel,Ben White,9780745337616,,Pluto Press,,,,,,,,,,Palestine,,,false,,
Austerity Ireland. The Failure of Irish Capitalism,Kieran Allen & Brian O'Boyle,9780745334011,,Pluto Press,,,,24.99,,GBP,1,,IN_STOCK,Irish History & Politics,,,false,,
Hesitant Comrades. The Irish Revolution and the British Labour Movement,Geoffrey Bell,9780745336602,,Pluto Press,,,,24.99,,GBP,1,,IN_STOCK,Irish History & Politics,,,false,,
People's Champion. The Life of Alexander Bowman. Pioneer of Labour Politics in Ireland,,9780901905826,,UHF,,,,9.99,,GBP,1,,IN_STOCK,Irish History & Politics,,,false,,
Ireland: The Promise of Socialism,"Joe Craig, John McAnulty & Paul Flannigan",9780952890607,,Socialist Democracy Publications,,,,5.00,,GBP,2,,IN_STOCK,Irish History & Politics,,,false,,
Repealed: Ireland's Unfinished Fight for Reproductive Rights,Camilla Fitzsimons & Sinéad Kennedy,9780745344270,,Pluto Press,,,,18.99,,GBP,1,,IN_STOCK,Irish History & Politics,,,false,,
Fragments of Victory. The Contemporary Irish Left,Oisín Gilmore & David Landy (eds),9780745348759,,Pluto Press,,,,18.99,,GBP,7,,IN_STOCK,Irish History & Politics,,,false,,
"The Hidden Famine. Hunger, Poverty & Sectarianism in Belfast 1840-50",Christine Kinealy & Gerard MacAtasney,9780745313719,,,,,,29.99,,GBP,1,,IN_STOCK,Irish History & Politics,,,false,,
Struggle or Starve. Working-Class Unity in Belfast's 1932 Outdoor Relief Riots,Seán Mitchell,9781608466788,,Haymarket Books,,,,14.99,,GBP,3,,IN_STOCK,Irish History & Politics,,,false,,
War and an Irish Town,Eamonn McCann,9781608469741,,Haymarket Books,,,,14.99,,GBP,1,,IN_STOCK,Irish History & Politics,,,false,,
"Northern Ireland After the Good Friday Agreement. Victims, Grievance and Blame",Mike Morrissey & Marie Smyth,9780745316734,,Pluto Press,,,,29.99,,GBP,1,,IN_STOCK,Irish History & Politics,,,false,,
"Labouring Beside Lough Erne. A Study of the Fermanagh Labour Movement, 1826-1932.",,9781916448926,,"Jim Quinn, Fermanagh Council of Trade Unions & Umiskin Press",,,,5.00,,GBP,17,,IN_STOCK,Irish History & Politics,,,false,,
